{"cameraMode":{"drawMode":0,"name":"Shaded","section":"Shading Mode"},"sceneLighting":true,"audioPlay":false,"sceneViewState":{"m_AlwaysRefresh":false,"showFog":true,"showSkybox":true,"showFlares":true,"showImageEffects":true,"showParticleSystems":true,"showVisualEffectGraphs":true,"m_FxEnabled":true},"in2DMode":false,"pivot":{"x":168.45587158203126,"y":421.63262939453127,"z":-1.51318359375},"rotation":{"x":0.0797247365117073,"y":0.005975112784653902,"z":-0.0004929182468913496,"w":0.9968171715736389},"size":1506.3350830078125,"orthographic":false}